Name,Email,PhoneNumber,Age
John Doe,johndoe@example.com,1234567890,25
Jane Smith,janesmith@example.com,9876543210,32
Michael Johnson,michaeljohnson@example.com,4567890123,40
Emily Davis,emilydavis@example.com,7890123456,29
Daniel Wilson,danielwilson@example.com,2345678901,35
Sarah Thompson,sarahthompson@example.com,8901234567,28
Matthew Anderson,matthewanderson@example.com,5678901234,42
Olivia Thomas,oliviathomas@example.com,9012345678,31
William Martinez,williammartinez@example.com,3456789012,37
Sophia Robinson,sophiarobinson@example.com,6789012345,26
David Clark,davidclark@example.com,0123456789,33
Emma Walker,emmawalker@example.com,7890123456,30
Alexander Hall,alexanderhall@example.com,2345678901,36
Elizabeth Young,elizabethyoung@example.com,9012345678,27
Joshua Baker,joshuabaker@example.com,5678901234,34
Ava Green,avagreen@example.com,8901234567,31
Christopher Hill,christopherhill@example.com,3456789012,38
Mia Adams,miaadams@example.com,6789012345,24
Andrew Wright,andrewwright@example.com,0123456789,32
Natalie Lopez,natalielopez@example.com,7890123456,29
